Make,Model,Year,Floorplan
Tiffin,Allegro Red,2017,33 AA
Tiffin,Allegro Red,2017,37 BA
Tiffin,Allegro Red,2017,38 KA
Tiffin,Allegro Red,2018,33 AA
Tiffin,Allegro Red,2018,37 BA
Tiffin,Allegro Red,2018,38 KA
Tiffin,Allegro Red,2019,33 AA
Tiffin,Allegro Red,2019,37 BA
Tiffin,Allegro Red,2019,38 KA
Tiffin,Allegro Red,2020,33 AA
Tiffin,Allegro Red,2020,37 BA
Tiffin,Allegro Red,2020,38 KA
Tiffin,Allegro Red,2021,33 AA
Tiffin,Allegro Red,2021,37 BA
Tiffin,Allegro Red,2021,38 KA
Tiffin,Allegro Red,2022,33 AA
Tiffin,Allegro Red,2022,37 BA
Tiffin,Allegro Red,2022,38 KA
Tiffin,Allegro Red,2023,33 AA
Tiffin,Allegro Red,2023,37 BA
Tiffin,Allegro Red,2023,38 KA
Tiffin,Allegro Red,2024,33 AA
Tiffin,Allegro Red,2024,37 BA
Tiffin,Allegro Red,2024,38 KA
Tiffin,Allegro Bus,2017,37 AP
Tiffin,Allegro Bus,2017,40 IP
Tiffin,Allegro Bus,2017,45 OP
Tiffin,Allegro Bus,2017,45 PP
Tiffin,Allegro Bus,2018,37 AP
Tiffin,Allegro Bus,2018,40 IP
Tiffin,Allegro Bus,2018,45 OP
Tiffin,Allegro Bus,2018,45 PP
Tiffin,Allegro Bus,2019,37 AP
Tiffin,Allegro Bus,2019,40 IP
Tiffin,Allegro Bus,2019,45 OP
Tiffin,Allegro Bus,2019,45 PP
Tiffin,Allegro Bus,2020,37 AP
Tiffin,Allegro Bus,2020,40 IP
Tiffin,Allegro Bus,2020,45 OP
Tiffin,Allegro Bus,2020,45 PP
Tiffin,Allegro Bus,2021,37 AP
Tiffin,Allegro Bus,2021,40 IP
Tiffin,Allegro Bus,2021,45 OP
Tiffin,Allegro Bus,2021,45 PP
Tiffin,Allegro Bus,2022,37 AP
Tiffin,Allegro Bus,2022,40 IP
Tiffin,Allegro Bus,2022,45 OP
Tiffin,Allegro Bus,2022,45 PP
Tiffin,Allegro Bus,2023,37 AP
Tiffin,Allegro Bus,2023,40 IP
Tiffin,Allegro Bus,2023,45 OP
Tiffin,Allegro Bus,2023,45 PP
Tiffin,Allegro Bus,2024,37 AP
Tiffin,Allegro Bus,2024,40 IP
Tiffin,Allegro Bus,2024,45 OP
Tiffin,Allegro Bus,2024,45 PP
Tiffin,Phaeton,2017,36 SH
Tiffin,Phaeton,2017,37 BH
Tiffin,Phaeton,2017,40 IH
Tiffin,Phaeton,2017,44 OH
Tiffin,Phaeton,2018,36 SH
Tiffin,Phaeton,2018,37 BH
Tiffin,Phaeton,2018,40 IH
Tiffin,Phaeton,2018,44 OH
Tiffin,Phaeton,2019,36 SH
Tiffin,Phaeton,2019,37 BH
Tiffin,Phaeton,2019,40 IH
Tiffin,Phaeton,2019,44 OH
Tiffin,Phaeton,2020,36 SH
Tiffin,Phaeton,2020,37 BH
Tiffin,Phaeton,2020,40 IH
Tiffin,Phaeton,2020,44 OH
Tiffin,Phaeton,2021,36 SH
Tiffin,Phaeton,2021,37 BH
Tiffin,Phaeton,2021,40 IH
Tiffin,Phaeton,2021,44 OH
Tiffin,Phaeton,2022,36 SH
Tiffin,Phaeton,2022,37 BH
Tiffin,Phaeton,2022,40 IH
Tiffin,Phaeton,2022,44 OH
Tiffin,Phaeton,2023,36 SH
Tiffin,Phaeton,2023,37 BH
Tiffin,Phaeton,2023,40 IH
Tiffin,Phaeton,2023,44 OH
Tiffin,Phaeton,2024,36 SH
Tiffin,Phaeton,2024,37 BH
Tiffin,Phaeton,2024,40 IH
Tiffin,Phaeton,2024,44 OH
Tiffin,Zephyr,2017,45 QZ
Tiffin,Zephyr,2017,50 QX
Tiffin,Zephyr,2018,45 QZ
Tiffin,Zephyr,2018,50 QX
Tiffin,Zephyr,2019,45 QZ
Tiffin,Zephyr,2019,50 QX
Tiffin,Zephyr,2020,45 QZ
Tiffin,Zephyr,2020,50 QX
Tiffin,Zephyr,2021,45 QZ
Tiffin,Zephyr,2021,50 QX
Tiffin,Zephyr,2022,45 QZ
Tiffin,Zephyr,2022,50 QX
Tiffin,Zephyr,2023,45 QZ
Tiffin,Zephyr,2023,50 QX
Tiffin,Zephyr,2024,45 QZ
Tiffin,Zephyr,2024,50 QX
Vanleigh,Beacon,2018,39 GBB
Vanleigh,Beacon,2018,42 RDB
Vanleigh,Beacon,2018,42 LKB
Vanleigh,Beacon,2019,39 GBB
Vanleigh,Beacon,2019,42 RDB
Vanleigh,Beacon,2019,42 LKB
Vanleigh,Beacon,2020,39 GBB
Vanleigh,Beacon,2020,42 RDB
Vanleigh,Beacon,2020,42 LKB
Vanleigh,Beacon,2021,39 GBB
Vanleigh,Beacon,2021,42 RDB
Vanleigh,Beacon,2021,42 LKB
Vanleigh,Beacon,2022,39 GBB
Vanleigh,Beacon,2022,42 RDB
Vanleigh,Beacon,2022,42 LKB
Vanleigh,Beacon,2023,39 GBB
Vanleigh,Beacon,2023,42 RDB
Vanleigh,Beacon,2023,42 LKB
Vanleigh,Beacon,2024,39 GBB
Vanleigh,Beacon,2024,42 RDB
Vanleigh,Beacon,2024,42 LKB
Vanleigh,Vilano,2017,320 GK
Vanleigh,Vilano,2017,369 FB
Vanleigh,Vilano,2017,375 FL
Vanleigh,Vilano,2018,320 GK
Vanleigh,Vilano,2018,369 FB
Vanleigh,Vilano,2018,375 FL
Vanleigh,Vilano,2019,320 GK
Vanleigh,Vilano,2019,369 FB
Vanleigh,Vilano,2019,375 FL
Vanleigh,Vilano,2020,320 GK
Vanleigh,Vilano,2020,369 FB
Vanleigh,Vilano,2020,375 FL
Vanleigh,Vilano,2021,320 GK
Vanleigh,Vilano,2021,369 FB
Vanleigh,Vilano,2021,375 FL
Vanleigh,Vilano,2022,320 GK
Vanleigh,Vilano,2022,369 FB
Vanleigh,Vilano,2022,375 FL
Vanleigh,Vilano,2023,320 GK
Vanleigh,Vilano,2023,369 FB
Vanleigh,Vilano,2023,375 FL
Vanleigh,Vilano,2024,320 GK
Vanleigh,Vilano,2024,369 FB
Vanleigh,Vilano,2024,375 FL
Vanleigh,PineCrest,2020,305 RLP
Vanleigh,PineCrest,2020,335 FL
Vanleigh,PineCrest,2020,355 LRT
Vanleigh,PineCrest,2021,305 RLP
Vanleigh,PineCrest,2021,335 FL
Vanleigh,PineCrest,2021,355 LRT
Vanleigh,PineCrest,2022,305 RLP
Vanleigh,PineCrest,2022,335 FL
Vanleigh,PineCrest,2022,355 LRT
Vanleigh,PineCrest,2023,305 RLP
Vanleigh,PineCrest,2023,335 FL
Vanleigh,PineCrest,2023,355 LRT
Vanleigh,PineCrest,2024,305 RLP
Vanleigh,PineCrest,2024,335 FL
Vanleigh,PineCrest,2024,355 LRT
Vanleigh,Ambition,2017,384 RLB
Vanleigh,Ambition,2017,399 MLB
Vanleigh,Ambition,2018,384 RLB
Vanleigh,Ambition,2018,399 MLB
Newmar,Dutch Star,2017,4018
Newmar,Dutch Star,2017,4369
Newmar,Dutch Star,2017,4310
Newmar,Dutch Star,2018,4018
Newmar,Dutch Star,2018,4369
Newmar,Dutch Star,2018,4310
Newmar,Dutch Star,2019,4018
Newmar,Dutch Star,2019,4369
Newmar,Dutch Star,2019,4310
Newmar,Dutch Star,2020,4018
Newmar,Dutch Star,2020,4369
Newmar,Dutch Star,2020,4310
Newmar,Dutch Star,2021,4018
Newmar,Dutch Star,2021,4369
Newmar,Dutch Star,2021,4310
Newmar,Dutch Star,2022,4018
Newmar,Dutch Star,2022,4369
Newmar,Dutch Star,2022,4310
Newmar,Dutch Star,2023,4018
Newmar,Dutch Star,2023,4369
Newmar,Dutch Star,2023,4310
Newmar,Dutch Star,2024,4018
Newmar,Dutch Star,2024,4369
Newmar,Dutch Star,2024,4310
Newmar,Ventana,2017,4037
Newmar,Ventana,2017,4369
Newmar,Ventana,2017,3412
Newmar,Ventana,2018,4037
Newmar,Ventana,2018,4369
Newmar,Ventana,2018,3412
Newmar,Ventana,2019,4037
Newmar,Ventana,2019,4369
Newmar,Ventana,2019,3412
Newmar,Ventana,2020,4037
Newmar,Ventana,2020,4369
Newmar,Ventana,2020,3412
Newmar,Ventana,2021,4037
Newmar,Ventana,2021,4369
Newmar,Ventana,2021,3412
Newmar,Ventana,2022,4037
Newmar,Ventana,2022,4369
Newmar,Ventana,2022,3412
Newmar,Ventana,2023,4037
Newmar,Ventana,2023,4369
Newmar,Ventana,2023,3412
Newmar,Ventana,2024,4037
Newmar,Ventana,2024,4369
Newmar,Ventana,2024,3412
Newmar,King Aire,2017,4531
Newmar,King Aire,2017,4553
Newmar,King Aire,2017,4593
Newmar,King Aire,2018,4531
Newmar,King Aire,2018,4553
Newmar,King Aire,2018,4593
Newmar,King Aire,2019,4531
Newmar,King Aire,2019,4553
Newmar,King Aire,2019,4593
Newmar,King Aire,2020,4531
Newmar,King Aire,2020,4553
Newmar,King Aire,2020,4593
Newmar,King Aire,2021,4531
Newmar,King Aire,2021,4553
Newmar,King Aire,2021,4593
Newmar,King Aire,2022,4531
Newmar,King Aire,2022,4553
Newmar,King Aire,2022,4593
Newmar,King Aire,2023,4531
Newmar,King Aire,2023,4553
Newmar,King Aire,2023,4593
Newmar,King Aire,2024,4531
Newmar,King Aire,2024,4553
Newmar,King Aire,2024,4593
Newmar,Mountain Aire,2017,4551
Newmar,Mountain Aire,2017,4569
Newmar,Mountain Aire,2018,4551
Newmar,Mountain Aire,2018,4569
Newmar,Mountain Aire,2019,4551
Newmar,Mountain Aire,2019,4569
Newmar,Mountain Aire,2020,4551
Newmar,Mountain Aire,2020,4569
Newmar,Mountain Aire,2021,4551
Newmar,Mountain Aire,2021,4569
Newmar,Mountain Aire,2022,4551
Newmar,Mountain Aire,2022,4569
Newmar,Mountain Aire,2023,4551
Newmar,Mountain Aire,2023,4569
Newmar,Mountain Aire,2024,4551
Newmar,Mountain Aire,2024,4569
